split,file,error
val,b1e1a7b8-b397c445.jpg.json,Expecting value: line 1 column 1 (char 0)
val,b2c9b221-d447dcc3.jpg.json,Expecting value: line 1 column 1 (char 0)
val,b322412a-58073611.jpg.json,Expecting value: line 1 column 1 (char 0)
val,b3d0ccae-26380ab5.jpg.json,Expecting value: line 1 column 1 (char 0)
val,b3e18480-6c84e030.jpg.json,Expecting value: line 1 column 1 (char 0)
val,b4235ab3-a1c929ae.jpg.json,Expecting value: line 1 column 1 (char 0)
val,b4561bec-26a99096.jpg.json,Expecting value: line 1 column 1 (char 0)
val,b4a2cbc5-fc978a94.jpg.json,Expecting value: line 1 column 1 (char 0)
val,b6976dce-3c045c22.jpg.json,Expecting value: line 1 column 1 (char 0)
val,b84a1117-3673ce8a.jpg.json,Expecting value: line 1 column 1 (char 0)
val,b88a00df-e8484d02.jpg.json,Expecting value: line 1 column 1 (char 0)
val,b9c52ee6-7709a9c2.jpg.json,Expecting value: line 1 column 1 (char 0)
val,b9cb54f8-a8ad3ed2.jpg.json,Expecting value: line 1 column 1 (char 0)
val,ba2e8260-126fca3e.jpg.json,Expecting value: line 1 column 1 (char 0)
val,bad909d4-8de038fe.jpg.json,Expecting value: line 1 column 1 (char 0)
val,bafeadd4-255dc46e.jpg.json,Expecting value: line 1 column 1 (char 0)
val,bb3bb8c0-89d55028.jpg.json,Expecting value: line 1 column 1 (char 0)
val,bbf29c70-20e48f5b.jpg.json,Expecting value: line 1 column 1 (char 0)
val,bca3720a-93049dc4.jpg.json,Expecting value: line 1 column 1 (char 0)
val,bcadb48c-9a41d823.jpg.json,Expecting value: line 1 column 1 (char 0)
val,bcbbfe2a-33e57bea.jpg.json,Expecting value: line 1 column 1 (char 0)
val,bdd7290c-d5f718f4.jpg.json,Expecting value: line 1 column 1 (char 0)
val,be377d8f-7c22e445.jpg.json,Expecting value: line 1 column 1 (char 0)
val,be3a5c0b-16533792.jpg.json,Expecting value: line 1 column 1 (char 0)
val,bf2cc385-11d88c56.jpg.json,Expecting value: line 1 column 1 (char 0)
val,c0dcabad-155ca5ee.jpg.json,Expecting value: line 1 column 1 (char 0)
val,c10838df-720662b5.jpg.json,Expecting value: line 1 column 1 (char 0)
val,c1f8d9b3-343f4798.jpg.json,Expecting value: line 1 column 1 (char 0)
val,c3812229-47c8e5f2.jpg.json,Expecting value: line 1 column 1 (char 0)
val,c42dd876-5f8d76fd.jpg.json,Expecting value: line 1 column 1 (char 0)
val,c48cfadb-09901ed4.jpg.json,Expecting value: line 1 column 1 (char 0)
val,c49fdce8-68545005.jpg.json,Expecting value: line 1 column 1 (char 0)
val,c4eb5462-657f5921.jpg.json,Expecting value: line 1 column 1 (char 0)
val,c50faaad-a8463d3d.jpg.json,Expecting value: line 1 column 1 (char 0)
val,c56ad92a-ce17a387.jpg.json,Expecting value: line 1 column 1 (char 0)
val,c5b2506d-6e15c4c3.jpg.json,Expecting value: line 1 column 1 (char 0)
val,c60327b4-f096274e.jpg.json,Expecting value: line 1 column 1 (char 0)
val,c7bc7797-8f8c936a.jpg.json,Expecting value: line 1 column 1 (char 0)
val,c84a1922-b11418ac.jpg.json,Expecting value: line 1 column 1 (char 0)
